,City,Country,Lat,Lng,Max Temp,Humidity,Cloudiness,Wind Speed,Current Description
0,Flin Flon,CA,54.7682,-101.865,17.44,27,0,8.05,clear sky
1,Mataura,NZ,-46.1927,168.8643,59.49,90,100,2.17,overcast clouds
2,Kapaa,US,22.0752,-159.319,79.48,60,0,3.44,clear sky
3,Nizhniy Tsasuchey,RU,50.5167,115.1333,11.07,68,99,23.94,overcast clouds
4,Tiksi,RU,71.6872,128.8694,-16.01,99,100,2.44,overcast clouds
5,Borivka,UA,50.4564,29.546,31.62,93,100,7.45,overcast clouds
6,Chokurdakh,RU,70.6333,147.9167,-18.36,100,83,3.53,broken clouds
7,New Norfolk,AU,-42.7826,147.0587,61.92,78,100,2.51,overcast clouds
8,Aksarka,RU,66.5606,67.7975,-19.44,99,33,6.4,scattered clouds
9,Ushuaia,AR,-54.8,-68.3,56.86,54,40,6.91,scattered clouds
10,Solnechnyy,RU,50.7214,136.6319,-2.36,91,43,3.96,scattered clouds
11,Guerrero Negro,MX,27.9769,-114.0611,72.99,31,71,8.81,broken clouds
12,Punta Arenas,CL,-53.15,-70.9167,55.51,47,75,23.02,broken clouds
13,Shulan,CN,44.4167,126.95,20.55,71,17,10.47,few clouds
14,Barrow,US,71.2906,-156.7887,14.02,85,100,5.75,overcast clouds
15,Bredasdorp,ZA,-34.5322,20.0403,63.72,77,37,4.61,scattered clouds
16,Bengkulu,ID,-3.8004,102.2655,73.98,96,100,9.26,moderate rain
17,Pevek,RU,69.7008,170.3133,-16.4,100,96,0.69,overcast clouds
18,Pisco,PE,-13.7,-76.2167,80.65,54,0,9.22,clear sky
19,Chuy,UY,-33.6971,-53.4616,71.94,60,12,11.16,few clouds
20,Rongcheng,CN,30.634,117.8517,55.56,93,100,1.77,overcast clouds
21,Sioux Falls,US,43.55,-96.7003,36.97,51,75,12.66,broken clouds
22,Ipameri,BR,-17.7219,-48.1597,72.0,78,97,5.88,moderate rain
23,Albany,US,42.6001,-73.9662,30.45,43,88,5.99,overcast clouds
24,Grahamstown,ZA,-33.3042,26.5328,63.57,89,100,2.66,light rain
25,Rikitea,PF,-23.1203,-134.9692,80.11,74,0,19.44,clear sky
26,Halifax,CA,44.6453,-63.5724,27.09,94,100,15.01,overcast clouds
27,Hilo,US,19.7297,-155.09,81.25,79,20,10.36,few clouds
28,Fortuna,US,40.5982,-124.1573,56.48,84,100,16.11,overcast clouds
29,Marilia,BR,-22.2139,-49.9458,77.76,66,59,2.55,broken clouds
30,Avarua,CK,-21.2078,-159.775,84.25,79,20,9.22,few clouds
31,Esperance,AU,-33.8667,121.9,58.84,71,10,10.2,clear sky
32,Khorixas,NA,-20.3667,14.9667,68.94,40,9,9.95,clear sky
33,Busselton,AU,-33.65,115.3333,51.04,89,1,8.3,clear sky
34,Dangriga,BZ,16.9692,-88.2321,80.56,75,43,9.15,scattered clouds
35,Port Alfred,ZA,-33.5906,26.891,72.0,79,100,4.32,overcast clouds
36,Georgetown,MY,5.4112,100.3354,80.53,93,20,2.3,few clouds
37,Altamira,BR,-3.2033,-52.2064,86.09,74,20,3.44,few clouds
38,Biggar,GB,55.6167,-3.5167,42.55,94,100,1.3,overcast clouds
39,Cape Town,ZA,-33.9258,18.4232,66.27,77,20,8.05,few clouds
40,Thompson,CA,55.7435,-97.8558,15.96,38,0,11.5,clear sky
41,Havoysund,NO,70.9963,24.6622,28.63,76,100,26.24,light snow
42,Kieta,PG,-6.2167,155.6333,81.34,81,98,1.28,overcast clouds
43,Port Elizabeth,ZA,-33.918,25.5701,69.1,88,0,6.91,clear sky
44,Tiptur,IN,13.2586,76.4783,65.77,48,62,5.68,broken clouds
45,Carnarvon,AU,-24.8667,113.6333,71.67,43,0,16.11,clear sky
46,Astoria,US,46.1879,-123.8313,50.02,83,75,12.66,light rain
47,Torbay,CA,47.6666,-52.7314,29.88,72,100,13.8,overcast clouds
48,Nikolskoye,RU,59.7035,30.7861,33.69,97,90,6.31,overcast clouds
49,Svetlogorsk,BY,52.6333,29.7333,30.2,91,94,7.61,overcast clouds
50,Kalmunai,LK,7.4167,81.8167,75.27,89,100,13.56,overcast clouds
51,Bluff,NZ,-46.6,168.3333,59.81,92,100,7.85,overcast clouds
52,Kavaratti,IN,10.5669,72.642,81.73,67,16,12.08,few clouds
53,Ratlam,IN,23.3167,75.0667,66.88,28,0,9.75,clear sky
54,Vengerovo,RU,55.6848,76.7471,15.69,94,100,8.75,overcast clouds
55,Butaritari,KI,3.0707,172.7902,80.85,83,100,15.14,moderate rain
56,Sechura,PE,-5.5569,-80.8222,79.2,66,100,1.23,overcast clouds
57,Hangzhou,CN,30.2937,120.1614,53.51,97,100,1.92,overcast clouds
58,Rocha,UY,-34.4833,-54.3333,70.16,57,53,11.12,broken clouds
59,Qaanaaq,GL,77.484,-69.3632,6.73,58,0,9.8,clear sky
60,Niono,ML,14.2526,-5.993,82.71,19,86,12.12,overcast clouds
61,Mayo,US,38.8876,-76.5119,54.73,31,0,13.8,clear sky
62,Chancay,PE,-11.5714,-77.2672,80.47,74,81,6.71,broken clouds
63,Arraial Do Cabo,BR,-22.9661,-42.0278,85.96,69,0,13.8,clear sky
64,Saldanha,ZA,-33.0117,17.9442,64.45,82,93,14.58,overcast clouds
65,Jamestown,US,42.097,-79.2353,25.3,51,100,9.22,overcast clouds
66,Chifeng,CN,42.2683,118.9636,33.4,43,8,14.05,clear sky
67,Victoria,HK,22.2855,114.1577,69.94,89,50,6.69,scattered clouds
68,Zhangye,CN,38.9342,100.4517,33.06,52,85,1.74,overcast clouds
69,Saraiu,RO,44.7167,28.15,36.45,90,69,4.03,broken clouds
70,Gat,IL,31.61,34.7642,56.08,100,49,13.2,scattered clouds
71,Taksimo,RU,56.3444,114.8794,-2.51,90,100,3.96,overcast clouds
72,East London,ZA,-33.0153,27.9116,72.52,86,100,3.69,moderate rain
73,Bar Harbor,US,44.3876,-68.2039,28.54,49,75,23.0,broken clouds
74,Kodiak,US,57.79,-152.4072,38.71,65,0,10.36,clear sky
75,Saskylakh,RU,71.9167,114.0833,-29.09,100,98,3.31,overcast clouds
76,Kijang,KR,35.2442,129.2139,44.85,44,94,4.5,overcast clouds
77,Mongoumba,CF,3.6415,18.5936,72.7,92,95,2.17,overcast clouds
78,Vaini,TO,-21.2,-175.2,77.16,100,40,12.66,light rain
79,Kolpashevo,RU,58.3131,82.9089,17.44,96,100,8.95,overcast clouds
80,Atuona,PF,-9.8,-139.0333,79.12,73,2,20.15,clear sky
81,Laguna,US,38.421,-121.4238,71.22,55,0,8.05,clear sky
82,Ambilobe,MG,-13.2,49.05,73.44,95,100,4.07,overcast clouds
83,Rio Maior,PT,39.3373,-8.9391,53.33,77,12,10.0,few clouds
84,Lebu,CL,-37.6167,-73.65,63.73,76,10,8.5,clear sky
85,Dublin,US,37.7021,-121.9358,63.25,66,75,8.05,broken clouds
86,Katsuura,JP,35.1333,140.3,45.19,55,100,12.37,overcast clouds
87,Ostrovnoy,RU,68.0531,39.5131,21.02,94,100,6.93,light snow
88,Betioky,MG,-23.7167,44.3833,74.95,88,17,3.11,few clouds
89,Kununurra,AU,-15.7667,128.7333,78.78,94,100,3.44,overcast clouds
90,Puerto Ayora,EC,-0.7393,-90.3518,82.36,73,52,8.63,light rain
91,Marsa Matruh,EG,31.3525,27.2453,53.8,66,40,4.61,scattered clouds
92,Port Lincoln,AU,-34.7333,135.8667,64.47,83,100,8.46,overcast clouds
93,Khatanga,RU,71.9667,102.5,-29.02,100,96,1.63,overcast clouds
94,Hobart,AU,-42.8794,147.3294,62.26,88,100,4.61,overcast clouds
95,Faanui,PF,-16.4833,-151.75,81.28,76,18,13.78,light rain
96,Alice Springs,AU,-23.7,133.8833,74.75,38,15,0.0,few clouds
97,Mar Del Plata,AR,-38.0023,-57.5575,69.82,83,0,25.99,clear sky
98,Touros,BR,-5.1989,-35.4608,86.9,74,40,11.5,scattered clouds
99,Kvarkeno,RU,52.0833,59.725,5.29,99,96,5.57,overcast clouds
100,Costa Rica,BR,-23.4167,-54.65,78.33,73,51,6.76,broken clouds
101,Castro,BR,-24.7911,-50.0119,69.69,88,91,2.35,overcast clouds
102,Tanout,NE,14.9709,8.8879,78.26,8,51,10.85,broken clouds
103,Green River,US,41.5286,-109.4662,61.2,30,99,7.92,overcast clouds
104,Severo-Kurilsk,RU,50.6789,156.125,22.24,70,99,22.26,overcast clouds
105,Kipini,KE,-2.5257,40.5262,80.89,88,24,12.41,few clouds
106,Ostroleka,PL,53.0862,21.5757,34.29,90,68,6.31,broken clouds
107,Geraldton,AU,-28.7667,114.6,55.81,76,0,10.36,clear sky
108,Riberalta,BO,-10.9833,-66.1,75.4,100,75,5.75,broken clouds
109,Narsaq,GL,60.9167,-46.05,19.62,75,44,10.98,scattered clouds
110,Vanimo,PG,-2.6741,141.3028,76.96,88,100,2.44,light rain
111,San Jeronimo,PE,-11.9472,-75.2829,59.5,62,83,3.13,broken clouds
112,Wajir,KE,1.7471,40.0573,85.39,15,2,9.71,clear sky
113,Nizhniy Kuranakh,RU,58.8353,125.4869,5.05,98,100,3.22,overcast clouds
114,Bambous Virieux,MU,-20.3428,57.7575,79.05,94,75,11.5,light intensity shower rain
115,Beringovskiy,RU,63.05,179.3167,6.69,95,100,13.8,overcast clouds
116,Conde,BR,-7.2597,-34.9075,83.66,70,20,9.22,few clouds
117,Tuktoyaktuk,CA,69.4541,-133.0374,-2.2,71,75,5.75,broken clouds
118,Haines Junction,CA,60.7522,-137.5108,17.55,62,100,1.14,overcast clouds
119,Lianzhou,CN,24.7811,112.3825,66.09,94,70,2.51,broken clouds
120,Stony Mountain,CA,50.0864,-97.2196,12.13,61,75,5.75,broken clouds
121,Port Keats,AU,-14.25,129.55,82.17,83,100,9.04,overcast clouds
122,Poum,NC,-20.2333,164.0167,80.65,73,5,6.46,clear sky
123,Praya,CV,14.9215,-23.5087,72.14,78,20,21.85,few clouds
124,Samarai,PG,-10.6167,150.6667,82.24,78,72,5.88,broken clouds
125,Luxor,EG,25.6989,32.6421,64.45,34,96,5.75,dust
126,Vanderhoof,CA,54.0166,-124.0198,39.4,75,79,2.42,broken clouds
127,Cabo San Lucas,MX,22.8909,-109.9124,93.51,19,0,4.61,clear sky
128,Ponta Do Sol,PT,32.6667,-17.1,62.01,58,92,9.57,overcast clouds
129,Scarborough,GB,54.2797,-0.4044,46.08,85,100,8.01,overcast clouds
130,Luderitz,NA,-26.6481,15.1594,65.98,84,0,8.95,clear sky
131,Marawi,PH,7.9986,124.2928,64.65,92,88,1.61,overcast clouds
132,Barquisimeto,VE,10.0739,-69.3228,85.86,44,49,9.26,scattered clouds
133,Paita,PE,-5.0892,-81.1144,86.56,73,100,1.83,overcast clouds
134,Luganville,VU,-15.5333,167.1667,80.44,81,97,2.15,overcast clouds
135,Hermanus,ZA,-34.4187,19.2345,64.9,81,100,2.33,overcast clouds
136,Celestun,MX,20.8667,-90.4,78.21,60,0,13.51,clear sky
137,Pathein,MM,16.7833,94.7333,73.13,71,47,6.71,scattered clouds
138,Inhambane,MZ,-23.865,35.3833,73.74,77,0,7.23,clear sky
139,Cocobeach,GA,1.0002,9.5823,80.29,82,100,4.72,light rain
140,Qeshm,IR,26.9581,56.2719,64.29,75,4,7.85,clear sky
141,Lagoa,PT,39.05,-27.9833,59.4,74,100,14.76,overcast clouds
142,Verkh-Usugli,RU,52.7,115.1667,-1.57,93,23,5.61,few clouds
143,Coquimbo,CL,-29.9533,-71.3436,71.33,64,0,12.66,clear sky
144,Taoudenni,ML,22.6783,-3.9836,66.9,12,0,11.5,clear sky
145,Marevo,RU,57.3146,32.0804,28.63,94,100,2.15,overcast clouds
146,Barra Da Estiva,BR,-13.6261,-41.3269,70.02,77,97,3.74,overcast clouds
147,Boo,SE,59.3333,18.2833,29.88,78,0,4.61,clear sky
148,Ilulissat,GL,69.2167,-51.1,19.42,73,75,11.5,light snow
149,Iquitos,PE,-3.7481,-73.2472,75.24,94,100,5.75,light intensity drizzle
150,Karratha,AU,-20.7377,116.8463,84.49,65,58,10.25,broken clouds
151,Belaya Gora,RU,68.5333,146.4167,-24.14,100,100,1.39,overcast clouds
152,Klaksvik,FO,62.2266,-6.589,40.12,74,100,21.59,overcast clouds
153,Pangnirtung,CA,66.1451,-65.7125,6.8,85,100,3.44,light snow
154,Mnogovershinnyy,RU,53.9353,139.9242,-6.36,96,13,4.63,few clouds
155,Hithadhoo,MV,-0.6,73.0833,82.33,71,3,7.45,clear sky
156,Tuatapere,NZ,-46.1333,167.6833,59.83,78,100,3.2,overcast clouds
157,Zhigansk,RU,66.7697,123.3711,-22.02,97,100,5.7,overcast clouds
158,Vitim,RU,59.4511,112.5578,6.8,94,100,8.28,overcast clouds
159,Saint-Augustin,CA,51.226,-58.6502,15.93,82,96,12.06,overcast clouds
160,Yerbogachen,RU,61.2767,108.0108,4.03,94,100,8.72,overcast clouds
161,Andros Town,BS,24.7,-77.7667,76.96,66,8,14.2,clear sky
162,Sycamore,US,41.9889,-88.6868,36.79,47,75,9.22,broken clouds
163,Letka,RU,59.6011,49.4232,26.19,99,100,2.1,overcast clouds
164,Murgab,TM,37.4966,61.9714,62.47,51,100,9.22,overcast clouds
165,Saint-Paul,RE,-21.0096,55.2707,78.91,88,7,2.3,clear sky
166,Mahebourg,MU,-20.4081,57.7,79.09,94,75,11.5,light intensity shower rain
167,Vasai,IN,19.47,72.8,82.49,37,5,8.43,clear sky
168,Comodoro Rivadavia,AR,-45.8667,-67.5,76.86,25,20,20.71,few clouds
169,Mehamn,NO,71.0357,27.8492,28.58,80,75,13.8,broken clouds
170,Masterton,NZ,-40.9597,175.6575,60.89,65,100,0.65,overcast clouds
171,Sobolevo,RU,54.4299,31.8996,21.02,96,36,5.73,scattered clouds
172,Honningsvag,NO,70.9821,25.9704,28.15,80,40,25.32,scattered clouds
173,Knysna,ZA,-34.0363,23.0471,66.58,88,95,3.36,overcast clouds
174,Saint-Philippe,RE,-21.3585,55.7679,78.39,83,34,9.75,light rain
175,Yellowknife,CA,62.456,-114.3525,10.42,63,75,11.5,broken clouds
176,Monastyrshchina,RU,54.3496,31.838,21.2,96,46,5.93,scattered clouds
177,Husavik,IS,66.0449,-17.3389,33.71,87,100,6.71,light snow
178,Oistins,BB,13.0667,-59.5333,78.53,74,38,20.69,scattered clouds
179,Nanakuli,US,21.3906,-158.1547,80.55,58,20,9.22,few clouds
180,Junin,AR,-34.5838,-60.9433,84.81,53,2,4.25,clear sky
181,Maceio,BR,-9.6658,-35.7353,83.64,74,75,11.5,light rain
182,Ribeira Grande,PT,38.5167,-28.7,61.2,82,75,14.97,broken clouds
183,Southbridge,US,42.0751,-72.0334,37.6,42,66,4.0,broken clouds
184,Kamennogorsk,RU,60.9545,29.1339,31.84,92,97,7.38,overcast clouds
185,Tierralta,CO,8.1736,-76.0592,86.49,66,98,4.29,overcast clouds
186,Port Blair,IN,11.6667,92.75,80.64,89,20,2.3,mist
187,Fremont,US,37.5483,-121.9886,63.63,67,20,6.91,few clouds
188,Airai,TL,-8.9266,125.4092,60.44,92,54,0.36,broken clouds
189,Port-Gentil,GA,-0.7193,8.7815,76.96,88,20,4.61,thunderstorm with light rain
190,Sioux Lookout,CA,50.1001,-91.917,12.27,40,0,4.61,clear sky
191,Trincomalee,LK,8.5711,81.2335,77.74,87,98,13.02,overcast clouds
192,Alofi,NU,-19.0595,-169.9187,84.09,79,40,6.91,scattered clouds
193,Ciney,BE,50.2945,5.1002,43.61,71,0,6.02,clear sky
194,Prabumulih,ID,-3.45,104.25,73.42,98,100,2.8,overcast clouds
195,Uren,RU,57.4552,45.7852,24.08,94,98,3.47,overcast clouds
196,Ulaangom,MN,49.9811,92.0667,-4.05,82,96,3.53,overcast clouds
197,Avera,US,33.194,-82.5271,84.07,23,0,9.95,clear sky
198,Leningradskiy,RU,69.3833,178.4167,-3.24,98,100,5.44,overcast clouds
199,Vila Velha,BR,-20.3297,-40.2925,85.95,79,20,17.27,few clouds
200,Sao Filipe,CV,14.8961,-24.4956,74.86,62,0,15.84,clear sky
201,San Carlos De Bariloche,AR,-41.1456,-71.3082,65.95,42,75,24.16,shower rain
202,Bethel,US,41.3712,-73.414,41.58,43,20,16.11,few clouds
203,Yulara,AU,-25.2406,130.9889,76.84,47,27,10.36,scattered clouds
204,Baon,PH,6.7956,126.0878,75.15,86,92,4.09,overcast clouds
205,Umm Lajj,SA,25.0213,37.2685,71.64,55,81,12.64,broken clouds
206,Rudnaya Pristan,RU,44.3614,135.8116,18.73,73,17,6.51,few clouds
207,Perth,AU,-31.9333,115.8333,62.1,64,0,12.66,clear sky
208,Souillac,MU,-20.5167,57.5167,79.18,94,75,11.5,light intensity shower rain
209,Tasiilaq,GL,65.6145,-37.6368,26.82,92,100,6.98,snow
210,Englewood,US,39.6478,-104.9878,73.98,14,75,3.44,broken clouds
211,Rio Gallegos,AR,-51.6226,-69.2181,53.65,47,40,14.97,scattered clouds
212,Lompoc,US,34.6391,-120.4579,70.52,34,0,10.36,clear sky
213,Upernavik,GL,72.7868,-56.1549,8.49,89,100,15.21,overcast clouds
214,Robertsport,LR,6.7533,-11.3686,79.9,82,96,9.89,overcast clouds
215,Diego De Almagro,CL,-26.3667,-70.05,80.06,34,11,13.33,few clouds
216,Hasaki,JP,35.7333,140.8333,39.6,51,90,19.75,overcast clouds
217,Turukhansk,RU,65.8167,87.9833,-4.94,96,95,8.72,overcast clouds
218,Hovd,MN,48.0056,91.6419,2.23,67,9,6.33,clear sky
219,Walvis Bay,NA,-22.9575,14.5053,65.35,82,0,8.05,clear sky
220,La Colmena,PY,-25.8833,-56.8167,90.16,46,62,3.58,broken clouds
221,Batemans Bay,AU,-35.7167,150.1833,71.2,94,73,6.69,broken clouds
222,Bairiki,KI,1.3292,172.9752,82.4,83,40,10.36,scattered clouds
223,Nuuk,GL,64.1835,-51.7216,21.81,53,75,8.05,broken clouds
224,Cherskiy,RU,68.75,161.3,-28.3,100,65,3.22,broken clouds
225,Abeche,TD,13.8292,20.8324,82.98,11,48,9.42,scattered clouds
226,Urumqi,CN,43.801,87.6005,25.75,86,0,0.0,clear sky
227,Nogliki,RU,51.8333,143.1667,-1.12,94,14,10.54,few clouds
228,Dunedin,NZ,-45.8742,170.5036,64.8,78,100,1.7,overcast clouds
229,Tavda,RU,58.0425,65.2726,22.5,95,100,5.5,overcast clouds
230,Knokke-Heist,BE,51.3333,3.3333,47.44,61,22,1.01,few clouds
231,Marsh Harbour,BS,26.5412,-77.0636,73.49,59,43,11.12,scattered clouds
232,Sitka,US,57.0531,-135.33,39.09,70,75,3.44,broken clouds
233,Nanortalik,GL,60.1432,-45.2371,21.11,64,79,12.73,broken clouds
234,Miedzychod,PL,52.5988,15.897,34.83,91,6,5.3,clear sky
235,Dikson,RU,73.5069,80.5464,-3.46,95,100,10.45,overcast clouds
236,Kochubey,RU,44.3861,46.5825,45.12,86,99,12.57,overcast clouds
237,Vilyuysk,RU,63.7553,121.6247,-16.69,100,100,4.79,overcast clouds
238,Arlit,NE,18.7369,7.3853,79.43,8,34,6.26,scattered clouds
239,Caravelas,BR,-17.7125,-39.2481,79.5,82,6,6.08,clear sky
240,Atbasar,KZ,51.8,68.3333,9.0,98,100,4.5,overcast clouds
241,Evensk,RU,61.95,159.2333,11.75,71,20,13.98,few clouds
242,Jilotepec,MX,19.6,-96.9333,68.05,57,13,5.97,few clouds
243,Huron,US,41.1501,-82.5499,32.67,73,19,11.54,few clouds
244,Bara,NG,10.3744,10.7288,82.42,8,54,5.82,broken clouds
245,Hit,IQ,33.6416,42.8251,59.67,27,0,13.09,clear sky
246,Hanna,CA,51.6334,-111.9018,20.71,88,100,10.36,overcast clouds
247,Kuopio,FI,62.8924,27.677,22.95,68,0,8.05,clear sky
248,Nouadhibou,MR,20.931,-17.0347,67.98,77,0,17.27,clear sky
249,Waddan,LY,29.1614,16.139,56.64,36,100,12.93,overcast clouds
250,Praia Da Vitoria,PT,38.7333,-27.0667,60.76,82,20,17.47,few clouds
251,Buwenge,UG,0.6422,33.1744,67.73,63,78,1.01,broken clouds
252,Bartica,GY,6.4,-58.6167,86.32,87,99,4.34,overcast clouds
253,Iqaluit,CA,63.7506,-68.5145,-2.31,77,100,2.3,light snow
254,Mazagao,BR,-0.115,-51.2894,84.25,85,84,4.85,broken clouds
255,Norman Wells,CA,65.282,-126.8329,3.24,66,40,6.91,scattered clouds
256,Kindu,CD,-2.95,25.95,72.95,87,74,3.18,broken clouds
257,Santa Isabel,BR,-23.3156,-46.2214,91.11,80,95,1.95,overcast clouds
258,Sao Joao Da Barra,BR,-21.6403,-41.0511,86.09,86,0,13.4,clear sky
259,Mayumba,GA,-3.432,10.6554,79.9,90,75,3.98,light rain
260,Te Anau,NZ,-45.4167,167.7167,58.15,78,100,1.19,overcast clouds
261,Lorengau,PG,-2.0226,147.2712,81.03,81,78,1.54,broken clouds
262,General Cepeda,MX,25.3833,-101.45,69.21,33,81,11.12,broken clouds
263,Cap-Aux-Meules,CA,47.3821,-61.8597,15.85,73,75,6.91,broken clouds
264,Mahanoro,MG,-19.9,48.8,76.42,86,100,2.24,overcast clouds
265,Chincha Alta,PE,-13.4099,-76.1323,79.39,74,53,7.23,broken clouds
266,Aykhal,RU,66.0,111.5,-11.45,100,100,2.1,overcast clouds
267,Sulangan,PH,11.1373,123.7228,78.78,79,32,11.43,scattered clouds
268,Talnakh,RU,69.4865,88.3972,-14.8,97,94,6.17,overcast clouds
269,Balclutha,NZ,-46.2339,169.75,60.75,86,100,3.06,overcast clouds
270,Kawalu,ID,-7.3817,108.2082,71.49,95,99,1.52,overcast clouds
271,Nan,TH,18.8333,100.6667,73.87,59,47,0.58,scattered clouds
272,Khor,RU,47.8861,134.9464,-4.05,100,66,3.49,broken clouds
273,Moerai,PF,-22.4333,-151.3333,81.43,73,25,8.66,light rain
274,Twin Falls,US,42.3505,-114.6445,53.94,50,0,8.05,clear sky
275,Cururupu,BR,-1.8283,-44.8683,77.94,87,100,4.29,moderate rain
276,Ust-Uda,RU,54.1742,103.0304,8.56,96,100,5.5,light snow
277,Puerto Leguizamo,CO,-0.1934,-74.7819,76.78,93,98,2.71,overcast clouds
278,Santa Rosa,PH,14.3122,121.1114,78.78,74,87,8.08,light rain
279,Tucumcari,US,35.1717,-103.725,75.94,9,0,17.27,clear sky
280,Baruun-Urt,MN,46.6806,113.2792,8.26,73,100,8.97,overcast clouds
281,Douglas,US,41.3,-96.167,51.01,44,0,14.97,clear sky
282,Bandarbeyla,SO,9.4942,50.8122,76.06,67,82,15.46,broken clouds
283,Lakes Entrance,AU,-37.8811,147.981,65.16,91,88,9.06,overcast clouds
284,Saint George,US,37.1041,-113.5841,79.27,17,0,4.61,clear sky
285,Fairbanks,US,64.8378,-147.7164,29.91,81,0,0.0,clear sky
286,Hirara,JP,24.8,125.2833,70.07,80,100,17.72,overcast clouds
287,Kilindoni,TZ,-7.9139,39.6668,81.72,76,85,13.15,overcast clouds
288,Shaowu,CN,27.3409,117.4831,62.29,98,100,2.51,overcast clouds
289,Chabahar,IR,25.2919,60.643,72.07,65,1,2.33,clear sky
290,Grand Island,US,40.925,-98.342,51.24,44,0,18.41,clear sky
291,Zheleznodorozhnyy,RU,55.7503,38.0042,27.14,85,100,2.44,overcast clouds
292,Lethem,GY,3.3803,-59.7968,90.82,45,95,10.83,overcast clouds
293,Byron Bay,AU,-28.65,153.6167,72.05,95,95,4.99,overcast clouds
294,Maragogi,BR,-9.0122,-35.2225,81.32,73,15,8.3,few clouds
295,La Primavera,CO,5.4906,-70.4092,90.43,43,98,3.06,overcast clouds
296,Awbari,LY,26.5921,12.7805,63.99,30,100,18.63,overcast clouds
297,Kilcullen,IE,53.1303,-6.7444,44.17,85,98,10.36,overcast clouds
298,Wattegama,LK,6.7989,81.4808,73.04,80,100,2.28,overcast clouds
299,Tete,MZ,-16.1564,33.5867,80.69,69,20,5.75,few clouds
300,Dingle,PH,10.9995,122.6711,73.98,93,95,8.75,overcast clouds
301,Ushtobe,KZ,45.2514,77.9838,34.74,85,5,6.64,clear sky
302,Sao Miguel Do Araguaia,BR,-13.275,-50.1628,70.54,93,100,3.87,overcast clouds
303,Gamba,GA,-2.65,10.0,79.63,87,74,5.3,light rain
304,Okmulgee,US,35.6234,-95.9605,81.86,14,0,12.66,clear sky
305,Hachinohe,JP,40.5,141.5,31.82,77,15,8.5,few clouds
306,Hofn,IS,64.2539,-15.2082,35.01,57,36,7.63,scattered clouds
307,Xining,CN,36.6167,101.7667,28.09,69,39,3.13,scattered clouds
308,Marana,US,32.4367,-111.2254,88.99,8,0,9.22,clear sky
309,Ancud,CL,-41.8697,-73.8203,60.33,57,72,11.99,broken clouds
310,Bandiagara,ML,14.3501,-3.6104,83.98,17,95,13.96,overcast clouds
311,Port Pirie,AU,-33.1833,138.0167,71.69,83,100,11.95,overcast clouds
312,Turku,FI,60.4515,22.2687,30.22,64,0,3.44,clear sky
313,Aklavik,CA,68.2191,-135.0107,9.43,72,75,5.75,broken clouds
314,Codrington,AU,-38.2667,141.9667,71.04,59,100,6.98,moderate rain
315,Sandane,NO,61.7728,6.215,40.3,60,0,2.3,clear sky
316,Saint Albans,GB,51.75,-0.3333,50.16,88,100,5.75,overcast clouds
317,Kijabe,KE,-0.933,36.5758,68.7,74,38,5.44,scattered clouds
318,Poya,NC,-21.35,165.15,79.48,79,81,0.96,broken clouds
319,Cap Malheureux,MU,-19.9842,57.6142,79.29,89,85,14.43,moderate rain
320,Namtsy,RU,62.7161,129.6658,-14.69,99,100,3.06,overcast clouds
321,Westport,US,41.1415,-73.3579,43.99,35,25,13.0,scattered clouds
322,Whitianga,NZ,-36.8333,175.7,69.03,66,74,12.06,broken clouds
323,Akyab,MM,20.15,92.9,68.9,40,3,8.84,clear sky
324,Cidreira,BR,-30.1811,-50.2056,78.13,77,0,9.37,clear sky
325,Kavieng,PG,-2.5744,150.7967,81.72,80,94,6.87,light rain
326,Salisbury,GB,51.0693,-1.7957,48.58,96,100,11.5,mist
327,San Luis Rio Colorado,MX,32.4631,-114.7767,88.61,10,9,18.54,clear sky
328,Vao,NC,-22.6667,167.4833,79.16,73,7,10.78,clear sky
329,Yar-Sale,RU,66.8333,70.8333,-14.44,95,94,14.94,overcast clouds
330,Vila Franca Do Campo,PT,37.7167,-25.4333,62.2,78,100,5.55,overcast clouds
331,Hervey Bay,AU,-25.2986,152.8535,72.03,89,14,7.18,few clouds
332,Garowe,SO,8.4054,48.4845,68.0,62,97,12.1,overcast clouds
333,Hobbs,US,32.7026,-103.136,76.19,18,0,11.5,clear sky
334,Belmonte,BR,-15.8631,-38.8828,84.2,86,100,7.31,overcast clouds
335,Berdigestyakh,RU,62.0989,126.6992,-13.95,100,100,2.66,overcast clouds
336,Ambon,ID,-3.6954,128.1814,77.14,94,40,5.75,scattered clouds
337,Harrisonville,US,38.6533,-94.3488,62.22,51,0,12.66,clear sky
338,Ankara,TR,39.9199,32.8543,31.39,74,75,8.05,broken clouds
339,Atar,MR,20.5169,-13.0499,72.3,14,0,10.71,clear sky
340,Okha,RU,53.5739,142.9478,-0.76,85,57,17.63,broken clouds
341,Vardo,NO,70.3705,31.1107,24.78,93,100,19.57,overcast clouds
342,Kalabo,ZM,-14.97,22.6814,73.06,77,100,2.91,overcast clouds
343,Morant Bay,JM,17.8815,-76.4093,83.82,66,27,11.83,scattered clouds
344,Motril,ES,36.7507,-3.5179,55.27,67,69,13.18,broken clouds
345,Hamilton,US,39.1834,-84.5333,45.64,54,40,11.5,scattered clouds
346,Kaitangata,NZ,-46.2817,169.8464,60.31,88,100,3.83,overcast clouds
347,Grand-Santi,GF,4.25,-54.3833,78.93,92,83,2.98,moderate rain
348,Bah,IN,26.87,78.5975,65.1,44,0,5.91,clear sky
349,Mednogorsk,RU,51.4128,57.595,14.13,93,90,1.99,overcast clouds
350,Clyde River,CA,70.4692,-68.5914,7.03,78,100,20.71,overcast clouds
351,Vaitape,PF,-16.5167,-151.75,81.16,76,20,13.76,light rain
352,Llano Largo,PA,7.9,-80.4333,81.25,58,90,21.07,overcast clouds
353,Sisimiut,GL,66.9395,-53.6735,9.16,95,100,3.74,overcast clouds
354,Port Hedland,AU,-20.3167,118.5667,82.45,74,40,13.8,scattered clouds
355,Uddevalla,SE,58.3478,11.9424,31.05,85,4,3.67,clear sky
356,Illapel,CL,-31.6308,-71.1653,80.58,41,0,7.83,clear sky
357,Provideniya,RU,64.3833,-173.3,15.91,79,100,27.0,snow
358,Ritchie,ZA,-29.038,24.6028,65.41,84,100,11.65,light rain
359,Menongue,AO,-14.6585,17.691,65.03,93,100,2.3,light rain
360,Taybad,IR,34.74,60.7756,59.45,40,18,9.57,few clouds
361,Ende,ID,-8.8432,121.6623,77.99,87,29,2.73,scattered clouds
362,Sangar,RU,63.9242,127.4739,-12.1,97,100,2.64,overcast clouds
363,Taltal,CL,-25.4,-70.4833,69.91,75,88,3.4,overcast clouds
364,Viedma,AR,-40.8135,-62.9967,84.49,27,95,17.81,overcast clouds
365,Pattaya,TH,12.9333,100.8833,78.93,83,6,7.76,clear sky
366,Jimeta,NG,9.2833,12.4667,85.78,8,57,2.01,broken clouds
367,Fagernes,NO,60.9858,9.2324,22.28,93,40,3.62,scattered clouds
368,Synya,RU,65.3718,58.0387,-3.66,92,92,7.78,overcast clouds
369,Antas,PT,41.7364,-8.3089,45.66,85,41,5.5,scattered clouds
370,Pinhao,BR,-25.6956,-51.6597,64.98,99,100,1.86,heavy intensity rain
371,Hobyo,SO,5.3505,48.5268,77.5,67,100,18.81,overcast clouds
372,Vestmanna,FO,62.1564,-7.1664,38.32,87,75,10.36,broken clouds
373,Wanning,CN,18.8003,110.3967,70.72,90,62,2.93,broken clouds
374,Gualeguaychu,AR,-33.0094,-58.5172,89.04,45,93,7.38,overcast clouds
375,Imbituba,BR,-28.24,-48.6703,79.83,85,100,2.28,light rain
376,La Ronge,CA,55.1001,-105.2842,12.42,26,0,3.44,clear sky
377,Fortuna Foothills,US,32.6578,-114.4119,87.22,9,20,10.36,few clouds
378,Dobryanka,RU,58.4619,56.4165,17.46,96,99,4.92,overcast clouds
379,Ilhabela,BR,-23.7781,-45.3581,79.92,88,68,1.9,broken clouds
380,Ndele,CF,8.4109,20.6473,83.21,31,81,1.5,broken clouds
381,Brownwood,US,31.7093,-98.9912,78.12,27,0,4.61,clear sky
382,Khani,GE,41.9563,42.9566,29.77,99,100,4.05,snow
383,Bonthe,SL,7.5264,-12.505,78.04,75,90,8.37,overcast clouds
384,Bandrele,YT,-12.9067,45.1914,76.75,94,0,1.14,moderate rain
385,Alepe,CI,5.5004,-3.6631,76.87,83,79,5.77,broken clouds
386,Nyirmeggyes,HU,47.9167,22.2667,40.62,67,61,7.78,broken clouds
387,Wajima,JP,37.4,136.9,38.43,53,6,5.82,clear sky
388,Tilichiki,RU,60.4667,166.1,-1.88,93,6,10.16,clear sky
389,Pafos,CY,34.7667,32.4167,55.31,58,75,26.46,broken clouds
390,Ostersund,SE,63.1792,14.6357,27.05,80,0,2.3,clear sky
391,Bathsheba,BB,13.2167,-59.5167,79.0,74,52,20.31,broken clouds
392,Muzhi,RU,65.3667,64.6667,-14.15,100,43,5.14,scattered clouds
393,Kendal,GB,54.3268,-2.7476,44.31,97,100,4.7,light rain
394,Muros,ES,42.7762,-9.0603,50.85,82,19,16.06,few clouds
395,Erenhot,CN,43.6475,111.9767,17.89,90,67,21.12,light snow
396,Perevoz,RU,55.5961,44.5446,29.53,94,100,2.1,overcast clouds
397,Chapais,CA,49.7834,-74.8492,-4.22,81,100,10.38,overcast clouds
398,Port Hardy,CA,50.6996,-127.4199,45.75,93,75,5.75,light intensity shower rain
399,Urtenen,CH,47.0267,7.5008,41.38,63,0,1.99,clear sky
400,Gweta,BW,-20.1833,25.2333,78.55,59,82,5.95,broken clouds
401,Havelock,US,34.8791,-76.9013,83.98,44,20,16.11,few clouds
402,Jacareacanga,BR,-6.2222,-57.7528,78.24,94,100,1.72,overcast clouds
403,Terrace,CA,54.5163,-128.6035,42.42,87,75,3.44,broken clouds
404,Campos Novos,BR,-27.4017,-51.225,70.7,85,80,4.61,broken clouds
405,Warri,NG,5.5167,5.75,76.33,80,100,2.51,light rain
406,Trairi,BR,-3.2778,-39.2689,80.65,77,100,11.92,overcast clouds
407,Grindavik,IS,63.8424,-22.4338,35.55,86,40,4.61,scattered clouds
408,Naliya,IN,23.2667,68.8333,71.46,56,0,5.53,clear sky
409,Mwaro,BI,-3.5,29.6667,56.53,88,67,2.39,light rain
410,Changying,CN,52.8733,123.3213,11.82,96,100,4.76,light snow
411,Charters Towers,AU,-20.1,146.2667,79.18,28,35,7.23,scattered clouds
412,Jingdezhen,CN,29.2947,117.2079,59.59,95,96,0.72,overcast clouds
413,Palapye,BW,-22.546,27.1251,76.66,47,41,6.44,scattered clouds
414,Mzimba,MW,-11.9,33.6,63.09,94,100,2.15,overcast clouds
415,La Baule-Escoublac,FR,47.2922,-2.364,48.0,92,100,3.44,overcast clouds
416,Regen,DE,48.9667,13.1333,33.82,55,0,1.99,clear sky
417,Strelka,RU,58.0728,93.0344,12.47,97,100,2.98,overcast clouds
418,The Valley,AI,18.217,-63.0578,82.26,74,40,16.11,scattered clouds
419,Sibolga,ID,1.7427,98.7792,77.13,80,100,2.64,overcast clouds
420,Freeport,US,40.6576,-73.5832,44.78,33,0,20.71,clear sky
421,Sabzevar,IR,36.2126,57.6819,52.88,43,75,6.91,broken clouds
422,Woonsocket,US,42.0029,-71.5148,39.85,36,0,12.66,clear sky
423,Buraydah,SA,26.326,43.975,79.25,27,100,11.07,overcast clouds
424,Chhapar,IN,27.8167,74.4,64.67,49,100,8.97,overcast clouds
425,Kudahuvadhoo,MV,2.6708,72.8944,81.64,75,35,14.92,scattered clouds
426,Kutum,SD,14.2,24.6667,74.03,9,44,13.98,scattered clouds
427,Virtsu,EE,58.5716,23.5115,33.1,61,12,11.86,few clouds
428,Tiznit,MA,29.5833,-9.5,53.08,85,43,4.74,scattered clouds
429,Abilene,US,32.4487,-99.7331,79.02,20,0,11.5,clear sky
430,Margate,GB,51.3813,1.3862,48.11,83,99,1.01,overcast clouds
431,Oyem,GA,1.5995,11.5793,67.8,98,100,1.83,heavy intensity rain
432,Zaoyang,CN,32.1272,112.7542,52.29,76,2,1.9,clear sky
433,Carutapera,BR,-1.195,-46.02,77.63,91,100,6.35,moderate rain
434,Paamiut,GL,61.994,-49.6678,9.34,77,45,10.83,scattered clouds
435,Zyryanka,RU,65.75,150.85,-27.51,100,100,1.03,overcast clouds
436,Mecca,SA,21.4267,39.8261,77.77,51,0,5.91,clear sky
437,Pochutla,MX,15.7432,-96.4661,89.82,44,0,9.13,clear sky
438,Bilibino,RU,68.0546,166.4372,-14.1,100,60,4.7,broken clouds
439,Louis Trichardt,ZA,-23.0439,29.9032,69.71,65,0,4.25,clear sky
440,Ixtapa,MX,20.7,-105.2,88.54,28,1,8.41,clear sky
441,Huainan,CN,32.6264,116.9969,51.17,89,51,6.04,broken clouds
442,San Quintin,MX,30.4833,-115.95,64.24,60,32,12.12,scattered clouds
443,Russell,US,32.3502,-85.1999,83.48,21,0,5.75,clear sky
444,Tamale,GH,9.4008,-0.8393,94.05,22,11,5.17,few clouds
445,Antofagasta,CL,-23.65,-70.4,75.22,57,26,7.05,scattered clouds
446,Santa Cruz,BO,-17.8,-63.1667,86.05,66,75,13.8,broken clouds
447,Kolondieba,ML,11.0882,-6.8926,86.31,19,88,6.46,overcast clouds
448,Beruwala,LK,6.4788,79.9828,76.24,85,100,8.52,overcast clouds
449,Sarahan,IN,31.5167,77.8,34.47,59,73,8.21,broken clouds
450,Palauig,PH,15.435,119.9045,77.13,70,75,4.29,broken clouds
451,Oksfjord,NO,70.2396,22.3479,27.52,86,100,15.95,light snow
452,Isla Mujeres,MX,21.2311,-86.731,80.17,54,4,8.14,clear sky
453,Ayia Galini,GR,35.1,24.6833,49.15,77,64,3.85,broken clouds
454,Cody,US,44.5263,-109.0565,65.59,21,0,9.22,clear sky
455,Alugan,PH,12.2188,125.4808,78.49,85,77,12.3,broken clouds
456,Broome,US,42.2506,-75.833,28.0,46,40,16.11,scattered clouds
457,Tual,ID,-5.6667,132.75,83.43,73,99,10.74,overcast clouds
458,Karatau,KZ,43.1667,70.4667,43.65,48,11,5.97,few clouds
459,Raga,SS,8.4596,25.678,84.06,39,82,3.42,broken clouds
460,Eagle,US,43.6954,-116.354,60.69,48,0,4.61,clear sky
461,Tornio,FI,65.8481,24.1466,10.42,93,95,4.85,overcast clouds
462,Beloha,MG,-25.1667,45.05,75.2,86,3,13.15,clear sky
463,Killybegs,IE,54.6333,-8.45,42.51,80,99,14.38,overcast clouds
464,Harnosand,SE,62.6323,17.9379,21.2,88,11,4.61,few clouds
465,Namatanai,PG,-3.6667,152.4333,80.71,83,100,5.84,light rain
466,Sabang,ID,5.8933,95.3214,81.66,77,94,10.02,overcast clouds
467,Dukat,RU,62.55,155.55,-18.53,100,100,4.36,overcast clouds
468,Beibei,CN,29.8256,106.4339,57.24,77,0,2.75,clear sky
469,Plainfield,US,40.6168,-74.4173,45.97,30,0,12.66,clear sky
470,Behshahr,IR,36.6923,53.5526,78.75,33,98,10.49,overcast clouds
471,Mukhtolovo,RU,55.4644,43.1953,29.16,96,100,1.92,overcast clouds
472,Maiduguri,NG,11.8464,13.1603,81.81,6,13,9.15,few clouds
473,Meulaboh,ID,4.1363,96.1285,77.27,87,100,3.6,overcast clouds
474,Hay River,CA,60.8156,-115.7999,15.78,62,75,6.91,broken clouds
475,Santa Vitoria,BR,-18.8386,-50.1214,81.19,62,52,5.77,broken clouds
476,Plettenberg Bay,ZA,-34.0527,23.3716,65.19,89,92,4.05,overcast clouds
477,Nantucket,US,41.2835,-70.0995,42.94,60,0,9.22,clear sky
478,Goderich,CA,43.7501,-81.7165,22.91,63,100,13.8,overcast clouds
479,Kashi,CN,39.4547,75.9797,46.26,23,0,8.95,clear sky
480,Pacific Grove,US,36.6177,-121.9166,64.6,74,0,6.91,clear sky
481,Yumen,CN,40.2833,97.2,31.06,52,4,4.27,clear sky
482,Matara,LK,5.9485,80.5353,78.31,84,72,6.04,broken clouds
483,Inirida,CO,3.8653,-67.9239,80.78,89,94,1.79,light rain
484,San Cristobal,VE,7.7669,-72.225,80.78,47,97,1.28,overcast clouds
485,Visnes,NO,59.3556,5.2242,42.22,75,0,10.36,clear sky
486,Chicama,PE,-7.8447,-79.1469,73.94,59,100,8.75,overcast clouds
487,Le Creusot,FR,46.8071,4.4163,44.74,88,88,2.84,overcast clouds
488,Bolobo,CD,-2.1667,16.2333,76.44,73,85,2.57,overcast clouds
489,Grootfontein,NA,-19.5667,18.1167,63.97,94,93,3.44,overcast clouds
490,Ubinskoye,RU,55.3068,79.6802,15.93,93,100,11.1,overcast clouds
491,Lufilufi,WS,-13.8745,-171.5986,82.18,79,38,13.38,scattered clouds
492,Makat,KZ,47.6469,53.3463,42.39,76,96,19.48,overcast clouds
493,Auki,SB,-8.7676,160.7034,79.61,85,100,3.42,overcast clouds
494,Nemuro,JP,43.3236,145.575,22.15,81,5,11.23,clear sky
495,Kattivakkam,IN,13.2167,80.3167,81.07,79,91,12.19,overcast clouds
496,Ust-Ishim,RU,57.6935,71.1665,20.48,97,100,5.06,overcast clouds
497,Taraz,KZ,42.9,71.3667,41.29,65,100,2.24,overcast clouds
498,Srisailam,IN,16.0833,78.8667,68.04,68,40,3.58,scattered clouds
499,Antipolo,PH,14.5864,121.1753,76.66,76,20,4.61,light rain
500,Dzerzhinsk,RU,56.2389,43.4631,21.02,86,0,4.47,clear sky
501,Werda,BW,-25.2667,23.2833,69.6,81,100,8.21,overcast clouds
502,Big Spring,US,32.2504,-101.4787,79.29,22,0,5.01,clear sky
503,Isangel,VU,-19.55,169.2667,82.51,89,40,4.61,scattered clouds
504,Sile,TR,41.1754,29.6133,42.57,64,100,3.0,overcast clouds
505,Hornepayne,CA,49.2138,-84.7705,13.19,73,100,10.22,overcast clouds
506,Cape Canaveral,US,28.4058,-80.6048,84.18,46,0,10.36,clear sky
507,Idil,TR,37.3411,41.8895,42.1,82,90,12.3,overcast clouds
508,Guacimo,CR,10.2104,-83.6807,90.18,87,86,0.45,overcast clouds
509,Manono,CD,-7.3,27.4167,70.14,95,48,2.17,light rain
510,Alihe,CN,50.5667,123.7167,14.04,96,100,2.21,light snow
511,Formosa Do Rio Preto,BR,-11.0483,-45.1931,80.82,61,100,0.27,overcast clouds
512,Vestmannaeyjar,IS,63.4427,-20.2734,38.68,68,81,16.64,broken clouds
513,Salekhard,RU,66.53,66.6019,-19.07,99,56,2.44,broken clouds
514,Zemio,CF,5.0314,25.1361,75.42,52,83,0.6,broken clouds
515,Porto Santo,PT,33.072,-16.3415,61.3,77,40,14.97,scattered clouds
516,Salalah,OM,17.0151,54.0924,72.63,73,0,2.26,clear sky
517,Henties Bay,NA,-22.116,14.2845,62.85,82,2,8.86,clear sky
518,Methoni,GR,36.8197,21.7049,49.21,68,100,8.39,overcast clouds
519,Lata,PT,40.1629,-8.3327,52.81,81,8,10.33,clear sky
520,Asau,RO,46.4333,26.4,33.96,98,99,2.42,overcast clouds
521,Rajsamand,IN,25.0667,73.8833,60.49,45,0,7.02,clear sky
522,Constitucion,CL,-35.3333,-72.4167,66.38,77,6,14.07,clear sky
523,Wencheng,CN,33.0559,113.7978,53.11,50,0,6.04,clear sky
524,Skibbereen,IE,51.55,-9.2667,41.11,72,6,12.53,clear sky
525,Camana,PE,-16.6228,-72.7111,74.77,77,29,4.99,scattered clouds
526,Ise,JP,34.4833,136.7,42.12,77,1,11.81,clear sky
527,Oktyabrskoye,RU,43.0645,44.7417,41.14,81,100,11.18,overcast clouds
528,Caohai,CN,26.8661,104.2841,43.52,84,66,4.54,broken clouds
529,Moa,CU,20.6569,-74.9403,79.05,70,29,8.68,scattered clouds
530,Jalu,LY,29.0331,21.5482,56.61,42,100,7.47,overcast clouds
531,Warrington,GB,53.3925,-2.5802,46.33,93,100,9.22,light rain
532,Saint-Ambroise,CA,48.5501,-71.3324,1.94,46,100,16.11,overcast clouds
533,Kruisfontein,ZA,-34.0033,24.7314,66.88,81,100,2.19,overcast clouds
534,Saint Pete Beach,US,27.7253,-82.7412,86.05,56,0,5.75,clear sky
535,Komsomolskiy,UZ,40.4272,71.7189,41.72,60,76,6.91,haze
536,Kletnya,RU,53.3897,33.2171,28.56,96,100,5.64,overcast clouds
537,Gravelbourg,CA,49.8834,-106.5512,19.67,95,100,13.42,snow
538,Fairview,US,40.8126,-73.999,43.81,32,0,8.99,clear sky
539,Mattru,SL,7.6244,-11.8332,78.39,66,86,5.46,overcast clouds
540,Aasiaat,GL,68.7098,-52.8699,8.58,92,100,1.43,overcast clouds
541,Puerto El Triunfo,SV,13.2833,-88.55,85.64,56,6,11.52,clear sky
542,General Pico,AR,-35.6566,-63.7568,87.69,35,26,9.01,scattered clouds
543,Miraflores,MX,19.2167,-98.8083,77.04,19,1,6.13,clear sky
544,Lamu,KE,-2.2717,40.902,80.82,89,25,10.92,scattered clouds
545,Berlevag,NO,70.8578,29.0864,28.35,74,40,20.71,scattered clouds
546,Port Macquarie,AU,-31.4333,152.9167,69.76,93,95,5.53,overcast clouds
547,Santiago,CL,-33.4569,-70.6483,89.29,30,0,14.97,clear sky
548,Nchelenge,ZM,-9.3451,28.734,70.88,85,87,1.88,light rain
549,Luwuk,ID,-0.9516,122.7875,78.42,83,98,1.9,overcast clouds
550,Ipixuna,BR,-1.7625,-48.8043,82.35,94,83,4.23,light rain
551,Awjilah,LY,29.1081,21.2869,56.55,43,100,7.67,overcast clouds
552,Adrar,MR,20.5022,-10.0711,66.52,11,0,11.36,clear sky
553,Anadyr,RU,64.75,177.4833,-1.7,78,0,4.47,clear sky
554,Contamana,PE,-7.3333,-75.0167,88.32,48,92,4.92,overcast clouds
555,Mawlamyine,MM,16.4914,97.6256,78.24,80,9,1.99,clear sky
556,Muli,MV,2.9167,73.5667,81.82,75,34,14.63,scattered clouds
557,Lincoln,US,40.8,-96.667,54.01,45,0,17.0,clear sky
558,Alyangula,AU,-13.8483,136.4192,78.67,94,40,0.0,scattered clouds
559,El Tigre,VE,8.8875,-64.2454,93.38,30,66,8.77,broken clouds
560,Bambanglipuro,ID,-7.95,110.2833,77.34,90,95,5.7,overcast clouds
561,Bomet,KE,-0.7813,35.3416,55.65,60,76,3.56,broken clouds
562,Lavrentiya,RU,65.5833,-171.0,7.66,91,89,7.67,overcast clouds
563,Tirumala,IN,13.6833,79.35,61.45,90,91,2.57,overcast clouds
564,Keuruu,FI,62.2667,24.7,25.75,89,6,6.49,clear sky
565,La Palma,US,33.8464,-118.0467,80.42,66,75,10.0,broken clouds
566,Berkak,NO,62.825,10.0118,19.8,70,2,8.34,clear sky
567,Road Town,VG,18.4167,-64.6167,80.64,83,75,6.91,broken clouds
568,Abonnema,NG,4.7084,6.7931,80.98,80,100,7.14,moderate rain
569,Sembe,CG,1.6481,14.5806,69.31,99,100,1.59,light rain
570,Aksu,CN,41.1231,80.2644,41.38,34,0,5.03,clear sky
571,Sorong,ID,-0.8833,131.25,79.05,85,100,4.92,overcast clouds
572,Pauini,BR,-7.7136,-66.9764,74.91,98,100,3.04,light rain
573,Hilton Head Island,US,32.2163,-80.7526,85.05,54,0,1.99,clear sky
574,Jiuquan,CN,39.7432,98.5174,30.06,54,19,3.24,few clouds
575,Puerto Escondido,MX,15.85,-97.0667,86.14,53,0,8.61,clear sky
576,Kalengwa,ZM,-13.4659,25.0027,64.17,95,100,3.24,overcast clouds
577,College,US,64.8569,-147.8028,29.89,71,0,1.01,clear sky
578,Mapiripan,CO,2.8892,-72.1256,77.38,81,99,4.74,overcast clouds
579,Usakos,NA,-22.0,15.6,66.11,49,0,7.45,clear sky
580,Hambantota,LK,6.1241,81.1185,78.42,83,99,10.18,overcast clouds
581,Valera,VE,9.3178,-70.6036,78.39,84,94,2.46,overcast clouds
582,Neftcala,AZ,39.3742,49.2472,52.34,84,100,4.99,overcast clouds
583,Paso De Carrasco,UY,-34.8603,-56.0522,75.65,70,0,14.97,clear sky
584,Colares,PT,38.7992,-9.4469,53.82,69,20,32.01,few clouds
585,Jhargram,IN,22.45,86.9833,70.75,58,1,1.05,clear sky
586,Laki,BG,41.85,24.8167,32.16,89,41,4.99,scattered clouds
587,Nidzica,PL,53.3605,20.4275,33.39,98,62,5.73,broken clouds
588,Pemberton,CA,50.3164,-122.8027,49.86,93,86,1.77,overcast clouds
589,Aquiraz,BR,-3.9014,-38.3911,84.29,79,40,8.25,scattered clouds
590,Churapcha,RU,62.0025,132.4325,-8.54,98,100,3.87,overcast clouds
591,Liling,CN,27.6667,113.5,53.49,95,99,2.98,overcast clouds
592,Omsukchan,RU,62.5333,155.8,-18.65,100,100,4.63,overcast clouds
593,Lang Son,VN,21.8333,106.7333,62.62,94,37,2.64,scattered clouds
594,Katangli,RU,51.7102,143.2326,-0.54,93,12,11.36,few clouds
595,Hualmay,PE,-11.0964,-77.6139,76.1,74,71,7.67,broken clouds
596,Ferme-Neuve,CA,46.7001,-75.4493,10.18,81,100,9.69,overcast clouds
597,Bonfim,BR,3.0833,-59.95,89.24,50,99,7.07,overcast clouds
598,Krasnoselkup,RU,65.7,82.4667,5.74,96,100,11.72,overcast clouds
599,Kerrville,US,30.0474,-99.1403,77.56,42,0,8.05,clear sky
600,Banda Aceh,ID,5.5577,95.3222,78.75,79,100,5.28,overcast clouds
601,Zonguldak,TR,41.25,31.8333,30.69,99,100,5.55,snow
602,Narsimhapur,IN,22.95,79.2,71.06,29,0,4.59,clear sky
603,Maniitsoq,GL,65.4167,-52.9,8.94,84,93,8.79,overcast clouds
604,Maridi,SS,4.9158,29.4742,71.33,70,78,3.91,broken clouds
605,Beyneu,KZ,45.3167,55.2,49.17,64,95,23.8,overcast clouds
606,San Juan,AR,-31.5375,-68.5364,93.36,26,3,7.87,clear sky
607,Mandan,US,46.8267,-100.8896,21.04,77,75,12.66,broken clouds
608,Quatre Cocos,MU,-20.2078,57.7625,78.91,87,55,10.16,light rain
609,Kahului,US,20.8947,-156.47,85.26,68,20,6.91,few clouds
610,Yuksekova,TR,37.5736,44.2872,34.43,84,96,15.14,snow
611,Emerald,AU,-23.5333,148.1667,78.94,47,0,8.05,clear sky
612,Yasnyy,RU,51.0333,59.8742,8.73,90,47,6.78,scattered clouds
613,Bereda,ES,43.2686,-7.5406,46.92,100,62,5.93,light rain
614,San Jose,US,37.3394,-121.895,64.26,63,0,8.05,clear sky
615,Malangwa,NP,26.8568,85.5581,61.79,45,0,5.14,clear sky
616,Pontes E Lacerda,BR,-15.2261,-59.3353,80.17,90,94,1.9,overcast clouds
617,Lagunillas,VE,10.1301,-71.2595,84.87,65,49,8.84,scattered clouds
618,La Crosse,US,43.8014,-91.2396,33.42,43,100,5.01,overcast clouds
619,Isiro,CD,2.7739,27.616,70.83,75,57,4.07,broken clouds
620,Teguise,ES,29.0605,-13.564,61.02,68,20,18.41,few clouds
621,Iranshahr,IR,27.2025,60.6848,68.34,32,0,4.61,clear sky
622,Ketchikan,US,55.3422,-131.6461,39.18,79,100,1.54,overcast clouds
623,Caucasia,CO,7.9865,-75.1935,90.05,54,89,4.88,overcast clouds
624,Hamada,JP,34.8833,132.0833,35.01,63,44,8.21,scattered clouds
625,Mocuba,MZ,-16.8392,36.9856,69.8,97,0,0.94,clear sky
626,Black Diamond,US,47.3087,-122.0032,47.64,86,100,1.99,overcast clouds
627,Bani,DO,18.2833,-70.3333,83.64,61,8,13.2,clear sky
628,Salta,AR,-24.7859,-65.4117,79.09,68,75,5.75,broken clouds
629,Miracema Do Tocantins,BR,-9.5618,-48.3967,76.64,89,100,4.21,overcast clouds
630,Maseru,LS,-29.3167,27.4833,58.98,95,100,1.14,heavy intensity rain
631,Foso,GH,5.7012,-1.2866,77.45,82,18,5.26,few clouds
632,Bardiyah,LY,31.7561,25.0865,54.28,72,4,5.68,clear sky
633,Sola,VU,-13.8833,167.55,82.09,73,73,10.63,broken clouds
634,Dunmore Town,BS,25.5,-76.65,74.34,72,4,13.4,clear sky
635,Purpe,RU,64.4803,76.6897,22.87,94,100,15.84,light snow
636,Stephenville,US,32.2207,-98.2023,79.56,25,0,8.05,clear sky
637,Brooks,CA,50.5834,-111.8851,19.38,87,100,9.22,overcast clouds
638,Yamada,JP,39.4667,141.95,28.49,72,34,4.36,scattered clouds
639,Tongren,CN,27.7172,109.1853,55.9,93,100,1.5,overcast clouds
640,Roma,US,43.2128,-75.4557,24.66,56,99,18.99,overcast clouds
641,Nouakchott,MR,18.0858,-15.9785,84.13,42,0,10.51,clear sky
642,Sur,OM,22.5667,59.5289,73.31,77,0,11.39,clear sky
643,Durant,US,33.994,-96.3708,77.52,25,3,8.05,clear sky
644,Chara,RU,56.9064,118.2631,0.36,82,100,2.21,overcast clouds
645,Belyy Yar,RU,53.6039,91.3903,26.49,67,0,13.42,clear sky
646,Nanchital,MX,18.0667,-94.4,74.79,83,94,11.63,overcast clouds
647,Cayenne,GF,4.9333,-52.3333,81.09,84,75,9.22,broken clouds
648,Chegdomyn,RU,51.1167,133.0167,-6.61,99,99,1.83,overcast clouds
649,Wewak,PG,-3.5534,143.6268,78.22,84,100,4.27,moderate rain
650,Mogadishu,SO,2.0371,45.3438,78.33,82,80,22.21,broken clouds
651,Mabaruma,GY,8.2,-59.7833,77.0,93,100,5.91,overcast clouds
652,Lazaro Cardenas,MX,17.9583,-102.2,82.98,59,0,11.56,clear sky
653,Beisfjord,NO,68.3751,17.5988,30.25,97,100,1.99,overcast clouds
654,Shimoda,JP,34.6667,138.95,40.1,65,70,8.21,broken clouds
655,Brae,GB,60.3964,-1.353,44.51,91,100,18.86,overcast clouds
656,Beinamar,TD,8.6698,15.3813,83.95,8,84,4.72,broken clouds
657,Naron,ES,43.5167,-8.1528,52.02,80,76,13.65,broken clouds
658,Minab,IR,27.1467,57.0801,63.9,88,1,0.0,clear sky
659,Sao Raimundo Das Mangabeiras,BR,-7.0219,-45.4811,80.37,73,91,1.79,overcast clouds
660,Nishihara,JP,26.1842,127.7558,64.45,82,75,6.91,broken clouds
661,Asilah,MA,35.465,-6.0348,58.96,69,34,18.19,scattered clouds
662,San Bartolome De Tirajana,ES,27.9248,-15.5733,55.87,73,40,19.57,scattered clouds
663,Opuwo,NA,-18.0607,13.84,68.95,36,5,5.59,clear sky
664,Kiunga,PG,-6.1219,141.2906,72.39,99,100,4.45,overcast clouds
665,Ahuimanu,US,21.4447,-157.8378,80.2,65,40,3.44,scattered clouds
666,Puerto Colombia,CO,10.9878,-74.9547,87.89,81,23,23.71,few clouds
667,Harindanga,IN,22.0383,88.3214,71.58,58,5,7.27,clear sky
668,Antibes,FR,43.5624,7.1278,51.1,92,20,8.05,mist
669,Camopi,GF,3.1655,-52.3158,75.02,97,96,3.44,overcast clouds
670,Matagami,CA,49.7502,-77.6328,3.31,47,40,11.5,scattered clouds
671,Oloron-Sainte-Marie,FR,43.1944,-0.6107,49.93,92,100,5.21,light rain
672,Trinidad,BO,-14.8333,-64.9,80.58,89,75,5.75,thunderstorm with light rain
673,Gubkinskiy,RU,64.434,76.5026,22.44,93,100,18.14,overcast clouds
674,Cockburn Town,TC,21.4612,-71.1419,80.56,69,4,11.5,clear sky
675,Abu Samrah,SY,35.3029,37.1841,45.59,67,51,30.71,broken clouds
676,Sept-Iles,CA,50.2001,-66.3821,9.03,50,75,18.41,broken clouds
677,Aksaray,TR,38.3726,34.0254,31.59,88,98,2.62,overcast clouds
678,Harper,LR,4.375,-7.7169,80.08,83,77,8.16,broken clouds
679,Filimonovo,RU,56.2011,95.4611,18.41,87,100,12.21,overcast clouds
680,Isla Aguada,MX,18.7833,-91.4667,77.34,74,24,10.78,few clouds
681,Akdepe,TM,42.0551,59.3788,51.8,43,84,16.26,broken clouds
682,Newport,GB,51.5877,-2.9984,47.68,88,100,1.99,overcast clouds
683,Los Llanos De Aridane,ES,28.6585,-17.9182,62.35,78,75,16.11,broken clouds
684,Broken Hill,AU,-31.95,141.4333,73.11,60,92,9.22,overcast clouds
685,Solingen,DE,51.1833,7.0833,41.92,61,0,6.22,clear sky
686,Borda Da Mata,BR,-22.2742,-46.1653,74.07,75,17,0.85,few clouds
687,Amot,NO,59.5714,7.9877,21.76,87,7,5.26,clear sky
688,Acapulco,MX,16.8634,-99.8901,85.32,53,0,11.21,clear sky
689,Gouyave,GD,12.1646,-61.7296,83.17,70,20,17.27,few clouds
690,Teshie,GH,5.5836,-0.1072,82.96,78,0,13.8,clear sky
691,Rebrikha,RU,53.0733,82.3408,13.41,90,100,7.31,overcast clouds
692,Kropotkin,RU,45.4375,40.5756,39.76,92,100,13.49,overcast clouds
693,Naze,JP,28.3667,129.4833,54.0,68,0,2.84,clear sky
694,Udachnyy,RU,66.4167,112.4,-23.51,100,100,1.57,overcast clouds
695,Petropavlovsk-Kamchatskiy,RU,53.0452,158.6483,14.59,67,75,4.47,broken clouds
696,Mandurah,AU,-32.55,115.7,62.22,73,0,12.08,clear sky
697,Ust-Kuyga,RU,70.0167,135.6,-25.17,99,100,3.67,overcast clouds
698,Manta,EC,-0.95,-80.7333,83.98,74,75,5.75,broken clouds
699,Oil City,US,41.4339,-79.7064,32.14,56,93,5.01,overcast clouds
700,Panshi,CN,42.9422,126.0561,11.34,85,7,4.47,clear sky
701,Manado,ID,1.487,124.8455,75.97,94,40,1.14,scattered clouds
702,Sorland,NO,67.667,12.6934,31.86,68,96,6.67,overcast clouds
703,Panguna,PG,-6.3164,155.4848,72.12,91,97,2.21,overcast clouds
704,Chickasha,US,35.0526,-97.9364,80.8,15,0,13.8,clear sky
705,Tutzing,DE,47.9094,11.2803,34.0,68,46,0.0,scattered clouds
706,Shahrud,IR,36.4182,54.9763,54.36,43,100,8.63,overcast clouds
707,Pasighat,IN,28.0667,95.3333,65.07,41,73,3.44,broken clouds
708,Perigueux,FR,45.1833,0.7167,51.08,78,98,4.29,overcast clouds
709,Rio Tuba,PH,8.5061,117.4317,80.71,81,98,13.29,overcast clouds
710,Sidhpura,IN,27.6333,78.8833,65.17,42,1,4.32,clear sky
711,Srednekolymsk,RU,67.45,153.6833,-27.98,100,100,3.4,overcast clouds
712,Cabrobo,BR,-8.5142,-39.31,85.46,47,30,10.0,light rain
713,Half Moon Bay,US,37.4636,-122.4286,62.78,83,40,6.91,mist
714,Longyearbyen,SJ,78.2186,15.6401,8.44,85,100,8.05,light snow
715,El Astillero,ES,43.4009,-3.8205,50.11,89,75,7.0,broken clouds
716,Riorges,FR,46.0418,4.0497,45.97,85,84,1.36,broken clouds
717,Hirado,JP,33.3597,129.5531,42.39,54,76,5.08,broken clouds
718,Monte Alegre,BR,-2.0078,-54.0692,85.35,63,59,5.88,broken clouds
719,Itaituba,BR,-4.2761,-55.9836,89.76,66,20,6.91,few clouds
720,Tateyama,JP,34.9833,139.8667,44.1,50,100,8.5,overcast clouds
721,Puerto Varas,CL,-41.3195,-72.9854,56.86,100,100,5.75,overcast clouds
722,Zhuanghe,CN,39.7008,122.9911,33.21,94,27,7.49,scattered clouds
723,Sheltozero,RU,61.3667,35.3667,21.87,99,87,4.83,overcast clouds
724,Aranda De Duero,ES,41.6704,-3.6892,38.37,96,100,13.35,light rain
725,Victor Harbor,AU,-35.5667,138.6167,76.46,83,100,1.01,light rain
726,Sovetskiy,RU,61.3614,63.5842,24.57,97,100,2.48,overcast clouds
727,Yatou,CN,37.15,122.3833,42.28,89,95,12.17,overcast clouds
728,Nome,US,64.5011,-165.4064,26.67,75,100,6.91,light snow
729,Davila,PH,18.4726,120.5763,77.67,78,76,8.55,broken clouds
730,Dzaoudzi,YT,-12.7887,45.2699,76.89,94,0,1.14,clear sky
731,Ganzhou,CN,28.8184,115.4327,58.48,93,24,2.71,few clouds
732,Baishishan,CN,43.5833,127.5667,9.61,91,34,4.05,scattered clouds